,الرياض,مكة المكرمة,المدينة المنورة,القصيم,الشرقية,عسير,تبوك,حائل,الشمالية,جازان,نجران,الباحة,الجوف
,الرياض,مكة المكرمة,المدينة المنورة,بريدة,الدمام,أبها,تبوك,حائل,عرعر,جازان,نجران,الباحة,سكاكا
,الدرعية,جدة,ينبع,عنيزة,الأحساء,خميس مشيط,الوجه,بقعاء,رفحاء,صبيا,شرورة,بلجرشي,القريات
,الخرج,الطائف,العلا,الرس,حفر الباطن,بيشة,ضباء,الغزالة,طريف,أبو عريش,حبونا,المندق,دومة الجندل
,الدوادمي,القنفذة,المهد,المذنب,الجبيل,النماص,تيماء,الشنان,العويقيلة,صامطة,بدر الجنوب,المخواة,طبرجل
,المجمعة,الليث,الحناكية,البكيرية,القطيف,محايل عسير,أملج,الحائط,,بيش,يدمة,قلوة,
,القويعية,رابغ,بدر,البدائع,الخبر,ظهران الجنوب,حقل,السليمي,,الدرب,ثار,العقيق,
,الأفلاج,خليص,خيبر,الأسياح,الخفجي,تثليث,البدع,الشملي,,الحرث,خباش,القرى,
,وادي الدواسر,الخرمة,العيص,النبهانية,رأس تنورة,سراة عبيدة,,,,ضمد,,غامد الزناد,
,الزلفي,رنية,وادي الفرع,الشماسية,بقيق,رجال ألمع,,,,الريث,,الحجرة,
,شقراء,تربة,,عيون الجواء,النعيرية,بلقرن,,,,فرسان,,بني حسن,
,حوطة بني تميم,الجموم,,رياض الخبراء,قرية العليا,أحد رفيدة,,,,الدائر,,,
,عفيف,الكامل,,عقلة الصقور,العديد,المجاردة,,,,العارضة,,,
,الغاط,المويه,,ضرية,البيضاء,البرك,,,,أحد المسارحة,,,
,السليل,ميسان,,,,بارق,,,,العيدابي,,,
,ضرما,أضم,,,,تنومة,,,,فيفاء,,,
,المزاحمية,العرضيات,,,,طريب,,,,الطوال,,,
,رماح,بحرة,,,,الحرجة[26],,,,هروب,,,
,ثادق,,,,,,,,,,,,
,حريملاء,,,,,,,,,,,,
,الحريق,,,,,,,,,,,,
,مرات,,,,,,,,,,,,
,الرين[12],,,,,,,,,,,,
,الدلم,,,,,,,,,,,,
